gene_symbol,FBgn ,simulans,sechelia,teissieri,yakuba,takahashii,elegans,serrata,ananassae,pseudoobscura,obscura,willistoni,mojavensis,virilis,grimshawi,rubida,domestica,cuprina
pim,FBgn0003087,yes,yes,yes,yes,yes,yes,yes,yes,yes,,yes,yes,yes,yes,,,
thr,FBgn0003701,yes,yes,yes,yes,yes,yes,yes,yes,yes,yes,yes,yes,yes,yes,yes,yes,yes
CG9106,FBgn0030624,yes,yes,yes,yes,yes,yes,yes,yes,yes,yes,yes,yes,yes,,yes,,
Hrb27C,FBgn0004838,yes,yes,yes,yes,yes,yes,yes,yes,yes,yes,yes,yes,yes,yes,yes,yes,yes
Hrb87F,FBgn0004237,yes,yes,yes,yes,yes,yes,yes,yes,yes,,yes,yes,yes,yes,yes,yes,yes
InR,FBgn0283499,yes,yes,yes,yes,yes,yes,yes,yes,yes,,,yes,yes,yes,yes,yes,yes
Mettl14,FBgn0032016,yes,yes,yes,yes,yes,yes,yes,yes,yes,yes,yes,yes,yes,yes,yes,yes,yes
Nca,FBgn0013303,yes,yes,yes,yes,yes,yes,yes,yes,yes,yes,yes,yes,yes,yes,yes,yes,yes
PGRP-LB,FBgn0037906,yes,yes,yes,yes,yes,yes,yes,yes,yes,yes,yes,yes,yes,yes,,yes,yes
Parp,FBgn0010247,,yes,yes,yes,yes,yes,yes,yes,yes,yes,yes,yes,yes,yes,yes,yes,yes
Pi3K21B,FBgn0020622,yes,yes,yes,yes,yes,yes,yes,yes,yes,yes,yes,yes,yes,yes,yes,yes,yes
S6kII,FBgn0262866,yes,yes,yes,yes,yes,yes,yes,yes,yes,yes,yes,yes,yes,yes,,yes,yes
Su(var)205,FBgn0003607,yes,yes,yes,yes,yes,yes,yes,yes,yes,yes,yes,yes,yes,yes,yes,yes,yes
TBPH,FBgn0025790,yes,yes,yes,yes,yes,yes,yes,yes,yes,yes,yes,yes,yes,yes,,yes,yes
foxo,FBgn0038197,yes,yes,yes,yes,yes,yes,yes,yes,yes,yes,yes,yes,yes,yes,yes,yes,yes
glo,FBgn0259139,yes,yes,yes,yes,yes,yes,yes,yes,yes,yes,yes,yes,yes,yes,yes,yes,yes
sqd,FBgn0263396,yes,yes,yes,yes,yes,yes,yes,yes,yes,yes,yes,yes,yes,yes,yes,yes,yes
Dscam1,FBgn0033159,yes,yes,yes,yes,yes,yes,yes,yes,yes,yes,yes,yes,yes,yes,yes,yes,yes
how,FBgn0264491,yes,yes,yes,yes,yes,yes,yes,yes,yes,yes,yes,yes,yes,yes,yes,yes,yes
pelo,FBgn0011207,yes,yes,yes,yes,yes,yes,yes,yes,yes,yes,yes,yes,yes,yes,yes,yes,yes
pros,FBgn0004595,yes,yes,yes,yes,yes,yes,yes,yes,yes,yes,,yes,yes,yes,yes,yes,yes
pum,FBgn0003165,yes,yes,yes,yes,yes,yes,yes,yes,yes,yes,yes,yes,yes,yes,yes,yes,yes
shg,FBgn0003391,yes,yes,yes,yes,yes,yes,yes,yes,yes,yes,yes,yes,yes,yes,yes,yes,yes
shu,FBgn0003401,yes,yes,yes,yes,yes,yes,yes,yes,yes,yes,yes,yes,yes,yes,yes,yes,yes
mir-1,FBgn0262455,,,,,,,,,,,,,,,,,
mrj,FBgn0034091,yes,yes,yes,yes,yes,yes,yes,yes,yes,yes,yes,yes,yes,yes,yes,yes,yes
Parg,FBgn0023216,yes,yes,yes,yes,yes,yes,yes,yes,yes,yes,yes,yes,yes,yes,yes,yes,yes
shg,FBgn0003391,yes,yes,yes,yes,yes,yes,yes,yes,yes,yes,yes,yes,yes,yes,yes,yes,yes
TBPH,FBgn0025790,yes,yes,yes,yes,yes,yes,yes,yes,yes,yes,yes,yes,yes,yes,,yes,yes
stau,FBgn0003520,yes,yes,yes,yes,yes,yes,yes,yes,yes,yes,yes,yes,yes,yes,yes,yes,yes
futsch,FBgn0259108,yes,yes,yes,yes,yes,yes,yes,yes,yes,yes,yes,yes,yes,yes,yes,yes,yes
Nup214,FBgn0010660,yes,yes,yes,yes,yes,yes,yes,yes,yes,yes,yes,yes,yes,yes,yes,yes,yes
Nup54,FBgn0033737,yes,yes,yes,yes,yes,yes,yes,yes,yes,yes,yes,yes,yes,yes,yes,yes,yes
Nup58,FBgn0038722,yes,yes,yes,yes,yes,yes,yes,yes,yes,yes,yes,yes,yes,yes,,yes,yes
SoYb,FBgn0051755,yes,yes,yes,yes,yes,yes,yes,yes,yes,yes,yes,yes,yes,yes,yes,,
armi,FBgn0041164,yes,yes,yes,yes,yes,yes,yes,yes,yes,yes,yes,yes,yes,yes,yes,yes,yes
piwi,FBgn0004872,yes,yes,yes,yes,yes,yes,yes,yes,yes,yes,yes,yes,yes,yes,yes,yes,yes
vret,FBgn0263143,yes,yes,yes,yes,yes,yes,yes,yes,yes,yes,yes,yes,yes,yes,,yes,yes
hh,FBgn0004644,yes,yes,yes,yes,yes,yes,yes,yes,yes,yes,yes,yes,yes,yes,yes,yes,yes
ptc,FBgn0003892,yes,yes,yes,yes,yes,yes,yes,yes,yes,yes,yes,yes,yes,yes,yes,yes,yes
CG31955,FBgn0051955,yes,yes,yes,yes,yes,,,yes,,,,,,,,,
Wee1,FBgn0011737,yes,yes,yes,yes,yes,yes,yes,yes,yes,yes,yes,yes,yes,yes,yes,yes,yes
egg,FBgn0086908,yes,yes,yes,yes,yes,yes,yes,yes,yes,yes,yes,yes,yes,yes,yes,yes,yes
ind,FBgn0025776,yes,yes,yes,yes,yes,yes,yes,yes,yes,yes,yes,yes,yes,yes,yes,yes,yes
grim,FBgn0015946,yes,yes,yes,yes,yes,yes,yes,yes,yes,yes,yes,yes,yes,yes,yes,yes,yes
hid,FBgn0003997,yes,yes,yes,yes,yes,yes,yes,yes,yes,yes,yes,yes,yes,yes,yes,yes,yes
p53,FBgn0039044,yes,yes,yes,yes,yes,yes,yes,yes,yes,yes,yes,yes,yes,yes,,yes,yes
pum,FBgn0003165,yes,yes,yes,yes,yes,yes,yes,yes,yes,yes,yes,yes,yes,yes,yes,yes,yes
rpr,FBgn0011706,yes,yes,yes,yes,yes,yes,yes,yes,yes,yes,yes,yes,yes,yes,yes,yes,yes
skl,FBgn0036786,yes,yes,yes,yes,yes,yes,yes,yes,yes,yes,yes,yes,yes,yes,yes,yes,yes
hng1,FBgn0034599,yes,yes,yes,yes,yes,yes,yes,yes,yes,yes,yes,yes,yes,yes,yes,yes,yes
Sxl,FBgn0264270,yes,yes,yes,yes,yes,yes,yes,yes,yes,yes,yes,yes,yes,yes,yes,yes,yes
bam,FBgn0000158,yes,yes,yes,yes,yes,yes,yes,yes,yes,yes,yes,yes,yes,yes,yes,yes,yes
mei-P26,FBgn0026206,yes,yes,yes,yes,yes,yes,yes,yes,yes,yes,yes,yes,yes,yes,yes,yes,yes
pum,FBgn0003165,yes,yes,yes,yes,yes,yes,yes,yes,yes,yes,yes,yes,yes,yes,yes,yes,yes
tut,FBgn0052364,yes,yes,yes,yes,yes,yes,yes,yes,yes,yes,yes,yes,yes,yes,yes,yes,yes
twin,FBgn0011725,yes,yes,yes,yes,yes,yes,yes,yes,yes,yes,yes,yes,yes,yes,yes,yes,yes
wuho,FBgn0029857,yes,yes,yes,yes,yes,yes,yes,yes,yes,yes,yes,yes,yes,yes,yes,yes,yes
Mad,FBgn0011648,yes,yes,yes,yes,yes,yes,yes,yes,yes,yes,yes,yes,yes,yes,yes,yes,yes
mei-P26,FBgn0026206,yes,yes,yes,yes,yes,yes,yes,yes,yes,yes,yes,yes,yes,yes,yes,yes,yes
shg,FBgn0003391,yes,yes,yes,yes,yes,yes,yes,yes,yes,yes,yes,yes,yes,yes,yes,yes,yes
zpg,FBgn0024177,yes,yes,yes,yes,yes,yes,yes,yes,yes,yes,yes,,,,,,
bam,FBgn0000158,yes,yes,yes,yes,yes,yes,yes,yes,yes,yes,yes,yes,yes,yes,yes,yes,yes
Pym,FBgn0034918,yes,yes,yes,yes,yes,yes,yes,yes,yes,yes,yes,yes,yes,yes,yes,yes,yes
tut,FBgn0052364,yes,yes,yes,yes,yes,yes,yes,yes,yes,yes,yes,yes,yes,yes,yes,yes,yes
shg,FBgn0003391,yes,yes,yes,yes,yes,yes,yes,yes,yes,yes,yes,yes,yes,yes,yes,yes,yes
zpg,FBgn0024177,yes,yes,yes,yes,yes,yes,yes,yes,yes,yes,yes,,,,,,
bam,FBgn0000158,yes,yes,yes,yes,yes,yes,yes,yes,yes,yes,yes,yes,yes,yes,yes,yes,yes
Pym,FBgn0034918,yes,yes,yes,yes,yes,yes,yes,yes,yes,yes,yes,yes,yes,yes,yes,yes,yes
tut,FBgn0052364,yes,yes,yes,yes,yes,yes,yes,yes,yes,yes,yes,yes,yes,yes,yes,yes,yes
Chi,FBgn0013764,yes,yes,yes,yes,yes,yes,yes,yes,yes,yes,yes,yes,yes,yes,,yes,yes
ct,FBgn0004198,yes,yes,yes,yes,yes,yes,yes,yes,yes,yes,yes,yes,yes,yes,yes,yes,yes
dom,FBgn0020306,yes,yes,yes,yes,yes,yes,yes,yes,yes,yes,,yes,yes,yes,yes,yes,yes
mam,FBgn0002643,yes,yes,yes,yes,yes,yes,yes,yes,yes,yes,yes,yes,yes,yes,yes,yes,yes
N,FBgn0004647,yes,yes,yes,yes,yes,yes,yes,yes,yes,yes,yes,yes,yes,yes,yes,yes,yes
run,FBgn0003300,yes,yes,yes,yes,yes,yes,yes,yes,yes,yes,yes,yes,yes,yes,yes,yes,yes
su(Hw)|ct,FBgn0000451,yes,yes,yes,yes,yes,yes,yes,yes,yes,yes,yes,yes,yes,yes,,yes,yes
vg,FBgn0003975,yes,yes,yes,yes,yes,yes,yes,yes,yes,yes,yes,yes,yes,yes,yes,yes,yes
Cdc23,FBgn0032863,yes,yes,yes,yes,yes,yes,yes,yes,yes,yes,yes,yes,yes,yes,,yes,yes
Cdk1,FBgn0004106,yes,yes,yes,yes,yes,yes,yes,yes,yes,yes,yes,yes,yes,yes,yes,yes,yes
CycB,FBgn0000405,yes,yes,yes,yes,yes,yes,yes,yes,yes,yes,yes,yes,yes,yes,yes,yes,yes
CycB3,FBgn0015625,yes,yes,yes,yes,yes,yes,yes,yes,yes,yes,yes,yes,yes,yes,yes,yes,yes
Psc,FBgn0005624,yes,yes,yes,yes,yes,yes,yes,yes,,yes,yes,yes,yes,yes,,yes,yes
vih,FBgn0264848,yes,yes,yes,yes,yes,yes,yes,yes,yes,yes,yes,yes,yes,yes,yes,yes,yes
CycB,FBgn0000405,yes,yes,yes,yes,yes,yes,yes,yes,yes,yes,yes,yes,yes,yes,yes,yes,yes
Liprin-alpha,FBgn0046704,yes,yes,yes,yes,yes,yes,yes,yes,yes,yes,yes,yes,yes,yes,yes,yes,yes
eff,FBgn0011217,yes,yes,yes,yes,yes,yes,yes,yes,yes,yes,yes,yes,yes,yes,,yes,yes
shtd,FBgn0004391,yes,yes,yes,yes,yes,yes,yes,yes,yes,yes,yes,yes,yes,yes,yes,yes,yes
vih,FBgn0264848,yes,yes,yes,yes,yes,yes,yes,yes,yes,yes,yes,yes,yes,yes,yes,yes,yes
Atac1,FBgn0031876,yes,yes,yes,yes,yes,yes,yes,yes,yes,yes,yes,yes,yes,yes,yes,yes,yes
CG3339,FBgn0039510,yes,yes,yes,yes,yes,yes,yes,yes,yes,yes,yes,yes,yes,yes,yes,yes,yes
Dhc16F,FBgn0283476,yes,yes,yes,yes,yes,yes,yes,yes,yes,yes,yes,yes,yes,yes,yes,yes,yes
Dhc62B,FBgn0013811,yes,yes,yes,yes,yes,yes,yes,yes,yes,yes,yes,yes,yes,yes,yes,yes,yes
Dhc64C,FBgn0261797,yes,yes,yes,yes,yes,yes,yes,yes,yes,yes,yes,yes,yes,yes,yes,yes,yes
btv,FBgn0023096,yes,yes,yes,yes,yes,yes,yes,yes,yes,yes,,yes,yes,yes,yes,yes,yes
cana,FBgn0040233,yes,yes,yes,yes,yes,,,yes,,,,,,,,,
rod,FBgn0003268,yes,yes,yes,yes,yes,yes,yes,yes,yes,yes,yes,yes,yes,yes,yes,yes,yes
AGO1,FBgn0262739,yes,yes,yes,yes,yes,yes,yes,yes,yes,yes,yes,yes,yes,yes,yes,yes,yes
AGO2,FBgn0087035,yes,yes,yes,yes,yes,yes,yes,yes,yes,yes,yes,yes,yes,,yes,yes,yes
AGO3,FBgn0250816,yes,yes,yes,yes,,yes,yes,yes,yes,yes,,yes,yes,yes,yes,yes,yes
CG17343,FBgn0032751,yes,yes,yes,yes,yes,yes,yes,yes,yes,yes,yes,,yes,yes,yes,,yes
CG7945,FBgn0036505,yes,yes,yes,yes,yes,yes,yes,yes,yes,yes,yes,yes,yes,yes,yes,yes,yes
DnaJ-1,FBgn0263106,yes,yes,yes,yes,yes,yes,yes,yes,yes,yes,yes,yes,yes,yes,yes,yes,yes
EcR,FBgn0000546,yes,yes,yes,yes,yes,yes,yes,yes,yes,,yes,yes,yes,yes,yes,yes,yes
HDAC6,FBgn0026428,yes,yes,yes,yes,yes,yes,yes,yes,yes,yes,yes,yes,yes,yes,yes,yes,yes
Lsd-2,FBgn0030608,yes,yes,yes,yes,yes,yes,yes,yes,yes,yes,yes,yes,yes,yes,,yes,yes
Mlf,FBgn0034051,yes,yes,yes,yes,yes,yes,yes,yes,yes,yes,yes,yes,yes,yes,yes,yes,yes
Sgt,FBgn0032640,yes,yes,yes,yes,yes,yes,yes,yes,yes,yes,yes,yes,yes,yes,yes,yes,yes
Tcs3,FBgn0283681,yes,yes,yes,yes,yes,yes,yes,yes,yes,yes,yes,yes,yes,yes,yes,yes,yes
Zw10,FBgn0004643,yes,yes,yes,yes,yes,yes,yes,yes,yes,yes,yes,yes,yes,yes,yes,yes,yes
Zwilch,FBgn0061476,yes,yes,yes,yes,yes,yes,yes,yes,yes,yes,yes,yes,yes,yes,yes,yes,yes
brm,FBgn0000212,yes,yes,yes,yes,yes,yes,yes,yes,,yes,yes,yes,yes,yes,yes,yes,yes
osk,FBgn0003015,yes,yes,yes,yes,yes,yes,yes,yes,yes,yes,yes,yes,yes,yes,yes,yes,yes
ph-p,FBgn0004861,yes,yes,yes,yes,,yes,yes,,yes,yes,yes,yes,yes,yes,yes,yes,yes
spag,FBgn0015544,yes,yes,yes,yes,yes,yes,yes,yes,yes,yes,yes,yes,yes,yes,yes,yes,yes
stumps,FBgn0020299,yes,yes,yes,yes,yes,yes,yes,yes,yes,yes,yes,yes,yes,yes,yes,yes,yes
stv,FBgn0086708,yes,yes,yes,yes,yes,yes,yes,yes,yes,yes,yes,yes,yes,yes,yes,yes,yes
usp,FBgn0003964,yes,yes,yes,yes,yes,yes,yes,yes,yes,yes,yes,yes,yes,yes,yes,yes,yes
bol,FBgn0011206,yes,yes,yes,yes,yes,yes,yes,yes,yes,yes,yes,yes,yes,yes,yes,yes,yes
aux,FBgn0037218,yes,yes,yes,yes,yes,yes,yes,yes,yes,yes,yes,yes,yes,yes,yes,yes,yes
Csp,FBgn0004179,yes,yes,yes,yes,yes,yes,yes,yes,yes,yes,yes,yes,yes,yes,yes,yes,yes
H,FBgn0001169,yes,yes,yes,yes,yes,yes,yes,yes,yes,yes,yes,yes,yes,yes,,yes,yes
Rme-8,FBgn0015477,yes,yes,yes,yes,yes,yes,yes,yes,yes,yes,yes,yes,yes,yes,yes,yes,yes
Tsc1,FBgn0026317,yes,yes,yes,yes,yes,yes,yes,yes,yes,yes,yes,yes,yes,yes,yes,yes,yes
Asx,FBgn0261823,yes,yes,yes,yes,yes,yes,yes,yes,yes,yes,yes,yes,yes,yes,yes,yes,
bol,FBgn0011206,yes,yes,yes,yes,yes,yes,yes,yes,yes,yes,yes,yes,yes,yes,yes,yes,yes
cathD,FBgn0029093,yes,yes,yes,yes,yes,yes,yes,yes,yes,yes,yes,yes,yes,yes,yes,yes,yes
CrebB,FBgn0265784,yes,yes,yes,yes,yes,yes,yes,yes,yes,yes,yes,yes,yes,yes,yes,yes,yes
Csp,FBgn0004179,yes,yes,yes,yes,yes,yes,yes,yes,yes,yes,yes,yes,yes,yes,yes,yes,yes
CycE,FBgn0010382,yes,yes,yes,yes,yes,yes,yes,yes,yes,yes,yes,yes,yes,yes,yes,yes,yes
dx,FBgn0000524,yes,yes,yes,yes,yes,yes,yes,yes,yes,yes,yes,yes,yes,yes,yes,yes,yes
HDAC6,FBgn0026428,yes,yes,yes,yes,yes,yes,yes,yes,yes,yes,yes,yes,yes,yes,yes,yes,yes
Lsd-2,FBgn0030608,yes,yes,yes,yes,yes,yes,yes,yes,yes,yes,yes,yes,yes,yes,,yes,yes
N,FBgn0004647,yes,yes,yes,yes,yes,yes,yes,yes,yes,yes,yes,yes,yes,yes,yes,yes,yes
Pc,FBgn0003042,yes,yes,yes,yes,yes,yes,yes,yes,yes,yes,yes,yes,yes,yes,yes,yes,yes
Pcl,FBgn0003044,yes,yes,yes,yes,yes,yes,yes,yes,yes,yes,yes,yes,yes,yes,yes,yes,yes
ph-d,FBgn0004860,yes,yes,yes,yes,yes,yes,yes,yes,,,,,,,,,
ph-p,FBgn0004861,yes,yes,yes,yes,,yes,yes,,yes,yes,yes,yes,yes,yes,yes,yes,yes
shi,FBgn0003392,yes,yes,yes,yes,yes,yes,yes,yes,yes,yes,yes,yes,yes,yes,yes,yes,yes
Snr1,FBgn0011715,yes,yes,yes,yes,yes,yes,yes,yes,yes,yes,yes,yes,yes,yes,yes,yes,yes
Tpi,FBgn0086355,yes,yes,yes,yes,yes,yes,yes,yes,yes,yes,yes,yes,yes,yes,yes,yes,yes
trx,FBgn0003862,yes,yes,yes,yes,yes,yes,yes,yes,yes,yes,yes,yes,yes,yes,yes,yes,yes
Tsc1,FBgn0026317,yes,yes,yes,yes,yes,yes,yes,yes,yes,yes,yes,yes,yes,yes,yes,yes,yes
ASPP,FBgn0034606,yes,yes,yes,yes,yes,yes,yes,yes,yes,yes,yes,yes,yes,yes,yes,yes,yes
CG12620,FBgn0032626,yes,yes,yes,yes,yes,yes,yes,yes,,,,,,,,,
CG13994,FBgn0031772,yes,yes,yes,yes,yes,yes,yes,yes,yes,yes,yes,yes,yes,yes,yes,yes,yes
CG31244,FBgn0051244,yes,yes,yes,yes,yes,yes,yes,yes,yes,yes,yes,yes,yes,,,,
CG31457,FBgn0051457,yes,yes,yes,yes,yes,yes,yes,yes,yes,yes,yes,yes,yes,yes,yes,,
CG42748,FBgn0261802,yes,yes,yes,yes,yes,yes,yes,yes,yes,yes,yes,yes,yes,yes,yes,yes,yes
CG7029,FBgn0039026,yes,yes,yes,yes,yes,yes,yes,yes,yes,yes,yes,yes,yes,yes,yes,yes,yes
CG9933,FBgn0028965,yes,yes,yes,yes,yes,yes,yes,yes,yes,yes,yes,yes,yes,yes,yes,,
Gbs-70E,FBgn0036428,yes,yes,yes,yes,yes,yes,yes,yes,yes,yes,yes,yes,yes,yes,yes,yes,yes
Gbs-76A,FBgn0036862,yes,yes,yes,yes,yes,yes,yes,yes,yes,yes,yes,yes,yes,yes,yes,yes,yes
I-2,FBgn0028429,yes,yes,yes,yes,yes,yes,yes,yes,yes,yes,yes,yes,yes,yes,yes,yes,yes
I-3,FBgn0261624,yes,yes,yes,yes,yes,yes,yes,yes,yes,yes,,,,,yes,,
MYPT-75D,FBgn0036801,yes,yes,yes,yes,yes,yes,yes,yes,yes,yes,yes,yes,yes,yes,yes,yes,yes
Mbs,FBgn0005536,yes,yes,yes,yes,yes,yes,yes,yes,yes,yes,yes,yes,yes,yes,yes,yes,yes
Mps1,FBgn0000063,yes,yes,yes,yes,yes,yes,yes,yes,yes,yes,yes,yes,yes,yes,yes,yes,yes
NiPp1,FBgn0026402,yes,yes,yes,yes,yes,yes,yes,yes,yes,yes,yes,yes,yes,yes,yes,yes,yes
Nop17l,FBgn0033224,yes,yes,yes,yes,yes,yes,yes,yes,yes,yes,yes,yes,yes,yes,yes,,yes
PNUTS,FBgn0053526,yes,yes,yes,yes,yes,yes,yes,yes,yes,yes,yes,yes,yes,yes,yes,yes,yes
PPP1R15,FBgn0034948,yes,yes,yes,yes,yes,yes,yes,yes,yes,yes,yes,yes,yes,yes,,yes,yes
Pc,FBgn0003042,yes,yes,yes,yes,yes,yes,yes,yes,yes,yes,yes,yes,yes,yes,yes,yes,yes
Ppi1,FBgn0051025,yes,yes,yes,yes,yes,yes,yes,yes,yes,yes,yes,yes,yes,yes,yes,,
REPTOR,FBgn0039209,yes,yes,yes,yes,yes,yes,yes,yes,yes,yes,yes,yes,yes,yes,yes,yes,yes
Rif1,FBgn0050085,yes,yes,yes,yes,yes,yes,yes,yes,yes,,yes,yes,yes,yes,yes,yes,yes
S6k,FBgn0283472,yes,yes,yes,yes,yes,yes,yes,yes,yes,yes,yes,yes,yes,yes,,yes,yes
Sara,FBgn0026369,yes,yes,yes,yes,yes,yes,yes,yes,yes,yes,yes,yes,yes,,,yes,yes
Spindly,FBgn0031549,yes,yes,yes,yes,yes,yes,yes,yes,yes,yes,yes,yes,yes,yes,yes,yes,yes
Sur-8,FBgn0038504,yes,yes,yes,yes,yes,yes,yes,yes,yes,yes,yes,yes,yes,yes,yes,yes,yes
ZAP3,FBgn0052685,yes,yes,yes,yes,yes,yes,yes,yes,yes,yes,yes,yes,yes,yes,yes,yes,yes
Zasp66,FBgn0035917,yes,yes,yes,yes,yes,yes,yes,yes,yes,yes,yes,yes,yes,yes,,yes,yes
corolla,FBgn0267967,yes,yes,yes,yes,yes,yes,yes,yes,yes,yes,yes,yes,yes,yes,yes,,
ec,FBgn0000542,yes,yes,yes,yes,yes,yes,yes,yes,yes,yes,yes,yes,yes,yes,yes,yes,yes
flw,FBgn0000711,yes,yes,yes,yes,yes,yes,yes,yes,yes,yes,yes,yes,yes,yes,yes,yes,yes
mars,FBgn0033845,yes,yes,yes,yes,yes,yes,yes,yes,yes,yes,yes,yes,yes,yes,yes,yes,yes
neb,FBgn0004374,yes,yes,yes,yes,yes,yes,yes,yes,yes,yes,yes,yes,yes,yes,yes,yes,yes
per,FBgn0003068,yes,yes,yes,yes,yes,yes,yes,yes,yes,yes,yes,yes,yes,yes,yes,yes,yes
pico,FBgn0261811,yes,yes,yes,yes,yes,yes,yes,yes,yes,yes,yes,yes,yes,yes,yes,yes,yes
sds22,FBgn0028992,yes,yes,yes,yes,yes,yes,yes,yes,yes,yes,yes,yes,yes,yes,yes,yes,yes
smo,FBgn0003444,yes,yes,yes,yes,yes,yes,yes,yes,yes,yes,yes,yes,yes,yes,yes,yes,yes
sqh,FBgn0003514,yes,yes,yes,yes,yes,yes,yes,yes,yes,yes,yes,yes,yes,yes,yes,yes,yes
tim,FBgn0014396,yes,yes,yes,yes,yes,yes,yes,yes,yes,yes,yes,yes,yes,yes,yes,yes,yes
trx,FBgn0003862,yes,yes,yes,yes,yes,yes,yes,yes,yes,yes,yes,yes,yes,yes,yes,yes,yes
uri,FBgn0035025,yes,yes,yes,yes,yes,yes,yes,yes,yes,yes,yes,yes,yes,yes,yes,yes,yes
flw,FBgn0000711,yes,yes,yes,yes,yes,yes,yes,yes,yes,yes,yes,yes,yes,yes,yes,yes,yes
grp|lok,FBgn0261278,yes,yes,yes,yes,yes,yes,yes,yes,yes,yes,yes,yes,yes,yes,yes,yes,yes
per,FBgn0003068,yes,yes,yes,yes,yes,yes,yes,yes,yes,yes,yes,yes,yes,yes,yes,yes,yes
Pp1alpha-96A,FBgn0003134,yes,yes,yes,yes,yes,yes,yes,yes,yes,yes,yes,yes,yes,yes,yes,yes,yes
E(z),FBgn0000629,yes,yes,yes,yes,yes,yes,yes,yes,yes,yes,yes,yes,yes,yes,yes,yes,yes
Egfr,FBgn0003731,yes,yes,yes,yes,yes,yes,yes,yes,yes,yes,yes,yes,yes,yes,yes,yes,yes
NiPp1,FBgn0026402,yes,yes,yes,yes,yes,yes,yes,yes,yes,yes,yes,yes,yes,yes,yes,yes,yes
Nop17l,FBgn0033224,yes,yes,yes,yes,yes,yes,yes,yes,yes,yes,yes,yes,yes,yes,yes,,yes
png,FBgn0000826,yes,yes,yes,yes,yes,yes,yes,yes,yes,yes,yes,yes,yes,yes,yes,yes,yes
put,FBgn0003169,yes,yes,yes,yes,yes,yes,yes,yes,yes,yes,yes,yes,yes,yes,yes,yes,yes
Ret,FBgn0011829,yes,yes,yes,yes,yes,yes,yes,yes,yes,yes,yes,yes,yes,yes,yes,yes,yes
Rif1,FBgn0050085,yes,yes,yes,yes,yes,yes,yes,yes,yes,,yes,yes,yes,yes,yes,yes,yes
trx,FBgn0003862,yes,yes,yes,yes,yes,yes,yes,yes,yes,yes,yes,yes,yes,yes,yes,yes,yes
dpp,FBgn0000490,yes,yes,yes,yes,yes,yes,yes,yes,yes,yes,yes,yes,yes,yes,yes,yes,yes
CG7668,FBgn0036929,yes,yes,yes,yes,yes,yes,yes,,yes,yes,,yes,yes,,,,
Flo1,FBgn0024754,yes,yes,yes,yes,yes,yes,yes,yes,yes,yes,yes,yes,yes,yes,yes,yes,yes
Flo2,FBgn0264078,yes,yes,yes,yes,yes,yes,yes,yes,yes,yes,yes,yes,yes,yes,yes,yes,yes
Hsc70-3,FBgn0001218,yes,yes,yes,yes,yes,yes,yes,yes,yes,yes,yes,yes,yes,yes,yes,yes,yes
InR,FBgn0283499,yes,yes,yes,yes,yes,yes,yes,yes,yes,,,yes,yes,yes,yes,yes,yes
Pgam5,FBgn0023517,yes,yes,yes,yes,yes,yes,yes,yes,yes,yes,yes,yes,yes,yes,yes,yes,yes
Pi3K92E,FBgn0015279,yes,yes,yes,yes,yes,yes,yes,yes,yes,yes,yes,yes,yes,yes,yes,yes,yes
RanBPM,FBgn0262114,yes,yes,yes,yes,yes,yes,yes,yes,yes,yes,yes,yes,yes,yes,yes,yes,yes
RpL14,FBgn0017579,yes,yes,yes,yes,yes,yes,yes,yes,yes,yes,yes,yes,yes,yes,yes,yes,yes
RpL17,FBgn0029897,yes,yes,yes,yes,yes,yes,yes,yes,yes,yes,yes,yes,yes,yes,yes,yes,yes
RpL18,FBgn0035753,yes,yes,yes,yes,yes,yes,yes,yes,yes,yes,yes,yes,yes,yes,yes,yes,yes
RpL30,FBgn0086710,yes,yes,yes,yes,yes,yes,yes,yes,yes,yes,yes,yes,yes,yes,yes,yes,yes
RpL4,FBgn0003279,yes,yes,yes,yes,yes,yes,yes,yes,yes,yes,yes,yes,yes,yes,yes,yes,yes
RpL7A,FBgn0014026,yes,yes,yes,yes,yes,yes,yes,yes,yes,yes,yes,yes,yes,yes,yes,yes,yes
RpS15Aa,FBgn0010198,yes,yes,yes,yes,yes,yes,yes,yes,yes,yes,yes,yes,yes,yes,yes,yes,yes
RpS26,FBgn0261597,yes,yes,yes,yes,yes,yes,yes,yes,yes,yes,yes,yes,yes,yes,yes,yes,yes
Vps4,FBgn0283469,yes,yes,yes,yes,yes,yes,yes,yes,yes,yes,yes,yes,yes,yes,yes,yes,yes
Vps60,FBgn0036740,yes,yes,yes,yes,yes,yes,yes,yes,yes,yes,yes,yes,yes,yes,yes,yes,yes
cmb,FBgn0036365,yes,yes,yes,yes,yes,yes,yes,yes,yes,yes,yes,yes,yes,yes,yes,yes,yes
dos,FBgn0016794,yes,yes,yes,yes,yes,yes,yes,yes,yes,yes,yes,yes,yes,yes,yes,yes,yes
tws,FBgn0004889,yes,yes,yes,yes,yes,yes,yes,yes,yes,yes,yes,yes,yes,yes,,yes,yes
Atg5,FBgn0029943,yes,yes,yes,yes,yes,yes,yes,yes,yes,yes,yes,yes,yes,yes,yes,yes,yes
B4,FBgn0023407,yes,yes,yes,yes,yes,yes,yes,yes,yes,yes,yes,yes,yes,yes,yes,yes,yes
foxo,FBgn0038197,yes,yes,yes,yes,yes,yes,yes,yes,yes,yes,yes,yes,yes,yes,yes,yes,yes
InR,FBgn0283499,yes,yes,yes,yes,yes,yes,yes,yes,yes,,,yes,yes,yes,yes,yes,yes
mir-278,FBgn0262403,,,,,,,,,,,,,,,,,
PIP4K,FBgn0039924,yes,yes,yes,yes,yes,yes,yes,yes,yes,yes,yes,yes,yes,yes,yes,yes,yes
PRAS40,FBgn0267824,yes,yes,yes,yes,yes,yes,yes,yes,yes,yes,yes,yes,yes,yes,yes,yes,yes
Ras85D,FBgn0003205,yes,yes,yes,yes,yes,yes,yes,yes,yes,yes,yes,yes,yes,yes,yes,yes,yes
rut,FBgn0003301,yes,yes,yes,yes,yes,yes,yes,yes,yes,yes,yes,yes,yes,yes,yes,yes,yes
Pink1,FBgn0029891,yes,yes,yes,yes,yes,yes,yes,yes,yes,yes,yes,yes,yes,yes,yes,yes,
Pten,FBgn0026379,yes,yes,yes,yes,yes,yes,yes,yes,yes,yes,yes,yes,yes,yes,yes,yes,yes
sl,FBgn0003416,yes,yes,yes,yes,yes,yes,yes,yes,yes,yes,yes,yes,yes,yes,yes,yes,yes
wake,FBgn0266418,yes,yes,yes,yes,yes,yes,yes,yes,yes,yes,yes,yes,yes,yes,yes,yes,yes
E(z),FBgn0000629,yes,yes,yes,yes,yes,yes,yes,yes,yes,yes,yes,yes,yes,yes,yes,yes,yes
Nup154,FBgn0021761,yes,yes,yes,yes,yes,yes,yes,yes,yes,yes,yes,yes,yes,yes,yes,yes,yes
Nup54,FBgn0033737,yes,yes,yes,yes,yes,yes,yes,yes,yes,yes,yes,yes,yes,yes,yes,yes,yes
Nup58,FBgn0038722,yes,yes,yes,yes,yes,yes,yes,yes,yes,yes,yes,yes,yes,yes,,yes,yes
Pc,FBgn0003042,yes,yes,yes,yes,yes,yes,yes,yes,yes,yes,yes,yes,yes,yes,yes,yes,yes
RYBP,FBgn0034763,yes,yes,yes,yes,yes,yes,yes,yes,yes,yes,yes,yes,yes,yes,yes,yes,yes
RfC4,FBgn0260985,yes,yes,yes,yes,yes,yes,yes,yes,yes,yes,yes,yes,yes,yes,yes,yes,yes
didum,FBgn0261397,yes,yes,yes,yes,yes,yes,yes,yes,yes,yes,yes,yes,yes,yes,yes,yes,yes
jar,FBgn0011225,yes,yes,yes,yes,yes,yes,yes,yes,yes,yes,yes,yes,yes,yes,yes,yes,yes
Sf3b5,FBgn0040534,yes,yes,yes,yes,yes,yes,yes,yes,yes,yes,yes,yes,yes,yes,yes,yes,yes
snf,FBgn0003449,yes,yes,yes,yes,yes,yes,yes,yes,yes,yes,yes,yes,yes,yes,yes,yes,yes
rin,FBgn0015778,yes,yes,yes,yes,yes,yes,yes,yes,yes,yes,yes,yes,yes,yes,,yes,yes
AIF,FBgn0031392,yes,yes,yes,yes,yes,yes,yes,yes,yes,yes,yes,yes,yes,yes,yes,yes,yes
Ask1,FBgn0014006,yes,yes,yes,yes,yes,yes,yes,yes,yes,yes,yes,yes,yes,yes,yes,yes,yes
CG10494,FBgn0034634,yes,yes,yes,yes,yes,yes,yes,yes,yes,yes,yes,yes,yes,yes,yes,,
CG1513,FBgn0033463,yes,yes,yes,yes,yes,yes,yes,yes,yes,yes,yes,yes,yes,yes,yes,yes,yes
CG33523,FBgn0053523,yes,yes,yes,yes,yes,yes,yes,yes,yes,yes,yes,yes,yes,yes,yes,yes,yes
CG8478,FBgn0037746,yes,yes,yes,yes,yes,yes,yes,yes,yes,yes,yes,yes,yes,yes,yes,yes,yes
CG9205,FBgn0035181,yes,yes,yes,yes,yes,yes,yes,yes,yes,yes,yes,yes,yes,yes,yes,yes,yes
Ets65A,FBgn0005658,yes,yes,yes,yes,yes,yes,yes,yes,yes,yes,yes,yes,yes,yes,yes,yes,yes
GAPcenA,FBgn0035879,yes,yes,yes,yes,yes,yes,yes,yes,yes,yes,yes,yes,yes,yes,yes,yes,yes
RanGAP,FBgn0003346,yes,yes,yes,yes,yes,yes,yes,yes,yes,yes,yes,yes,yes,yes,yes,yes,yes
Sk2,FBgn0052484,yes,yes,yes,yes,yes,yes,yes,yes,yes,yes,yes,yes,yes,yes,yes,yes,yes
az2,FBgn0025185,yes,yes,yes,yes,yes,yes,yes,yes,yes,yes,yes,yes,yes,yes,yes,,
cert,FBgn0027569,yes,yes,yes,yes,yes,yes,yes,yes,yes,yes,yes,yes,yes,yes,yes,yes,yes
cnc,FBgn0262975,yes,yes,yes,yes,yes,yes,yes,yes,yes,yes,yes,yes,yes,yes,yes,yes,yes
dco,FBgn0002413,yes,yes,yes,yes,yes,yes,yes,yes,yes,yes,yes,yes,yes,yes,yes,yes,yes
rdgB,FBgn0003218,yes,yes,yes,yes,yes,yes,yes,yes,yes,yes,yes,yes,yes,yes,yes,yes,yes
Ras85D,FBgn0003205,yes,yes,yes,yes,yes,yes,yes,yes,yes,yes,yes,yes,yes,yes,yes,yes,yes
7B2,FBgn0041707,yes,yes,yes,yes,yes,yes,yes,yes,yes,yes,yes,yes,yes,yes,yes,yes,yes
CG10194,FBgn0032790,yes,yes,yes,yes,yes,yes,yes,yes,yes,yes,yes,yes,yes,yes,yes,yes,yes
CG11459,FBgn0037396,yes,yes,yes,yes,yes,yes,yes,,yes,yes,,,,,,,
CG31546,FBgn0051546,yes,yes,yes,yes,yes,yes,yes,yes,,,yes,,,,,,
CG32099,FBgn0052099,yes,yes,yes,yes,yes,yes,yes,yes,yes,yes,yes,yes,yes,yes,,yes,yes
CG32445,FBgn0052445,yes,yes,yes,yes,yes,yes,yes,yes,yes,yes,yes,yes,yes,yes,yes,,
CG33107,FBgn0053107,yes,yes,yes,yes,yes,yes,yes,yes,yes,yes,yes,yes,yes,yes,yes,,
CG6347,FBgn0033874,yes,yes,yes,yes,yes,yes,yes,yes,yes,yes,yes,yes,yes,yes,yes,yes,yes
CG7366,FBgn0035855,yes,yes,yes,yes,yes,yes,yes,yes,yes,yes,yes,,yes,,yes,,
CG8149,FBgn0037700,yes,yes,yes,yes,yes,yes,yes,yes,yes,yes,yes,yes,yes,yes,yes,yes,yes
CG9377,FBgn0032507,yes,yes,yes,yes,yes,yes,yes,yes,yes,yes,yes,yes,yes,yes,,,
CG9689,FBgn0030159,yes,yes,yes,yes,yes,yes,yes,yes,yes,yes,yes,yes,yes,yes,,yes,yes
Capa,FBgn0039722,yes,yes,yes,yes,yes,yes,yes,yes,yes,yes,yes,yes,yes,yes,yes,yes,yes
Df31,FBgn0022893,yes,yes,yes,yes,yes,yes,yes,yes,yes,yes,yes,yes,yes,yes,yes,yes,yes
Eb1,FBgn0027066,yes,yes,yes,yes,yes,yes,yes,yes,yes,yes,yes,yes,yes,yes,yes,yes,yes
Eogt,FBgn0264672,yes,yes,yes,yes,yes,yes,yes,yes,yes,yes,yes,yes,yes,yes,yes,yes,yes
Fibp,FBgn0036911,yes,yes,yes,yes,yes,yes,yes,yes,yes,yes,yes,yes,yes,yes,yes,yes,yes
Patj,FBgn0067864,yes,yes,yes,yes,yes,yes,yes,yes,yes,yes,yes,yes,yes,yes,yes,yes,yes
Pglym87,FBgn0011270,yes,yes,yes,yes,yes,yes,yes,yes,yes,yes,,yes,yes,yes,yes,,
Rab6,FBgn0015797,yes,yes,yes,yes,yes,yes,yes,yes,yes,yes,yes,yes,yes,yes,yes,yes,yes
Rab7,FBgn0015795,yes,yes,yes,yes,yes,yes,yes,yes,yes,yes,yes,yes,yes,yes,yes,yes,yes
Rae1,FBgn0034646,yes,yes,yes,yes,yes,yes,yes,yes,yes,yes,yes,yes,yes,yes,yes,yes,yes
Swip-1,FBgn0032731,yes,yes,yes,yes,yes,yes,yes,yes,yes,yes,yes,yes,yes,yes,,yes,yes
Tm1,FBgn0003721,yes,yes,yes,yes,yes,yes,yes,yes,yes,yes,yes,yes,yes,yes,yes,yes,yes
asp,FBgn0000140,yes,yes,yes,yes,yes,yes,yes,yes,yes,yes,yes,yes,yes,yes,yes,yes,yes
br,FBgn0283451,yes,yes,yes,yes,yes,yes,yes,yes,yes,yes,yes,yes,yes,yes,yes,yes,yes
cher,FBgn0014141,yes,yes,yes,yes,yes,yes,yes,yes,yes,yes,yes,yes,yes,yes,yes,yes,yes
ck,FBgn0000317,yes,yes,yes,yes,yes,yes,yes,yes,yes,yes,yes,yes,yes,yes,yes,yes,yes
jbug,FBgn0028371,yes,yes,yes,yes,yes,yes,yes,yes,yes,yes,yes,yes,yes,yes,yes,yes,yes
mib2,FBgn0086442,yes,yes,yes,yes,yes,yes,yes,yes,yes,yes,yes,yes,yes,yes,yes,yes,yes
mira,FBgn0021776,yes,yes,yes,yes,yes,yes,yes,yes,yes,yes,yes,yes,yes,yes,,yes,yes
osk,FBgn0003015,yes,yes,yes,yes,yes,yes,yes,yes,yes,yes,yes,yes,yes,yes,yes,yes,yes
retinin,FBgn0040074,yes,yes,yes,yes,yes,yes,yes,yes,yes,yes,yes,yes,yes,yes,yes,yes,yes
sau,FBgn0267378,yes,yes,yes,yes,yes,yes,yes,yes,yes,yes,yes,yes,yes,yes,yes,yes,yes
scpr-C,FBgn0037879,yes,yes,yes,,yes,yes,yes,yes,yes,,yes,yes,yes,yes,yes,,
scra,FBgn0261385,yes,yes,yes,yes,yes,yes,yes,yes,yes,yes,yes,yes,yes,yes,yes,yes,yes
sima,FBgn0266411,yes,yes,yes,yes,yes,yes,yes,yes,yes,yes,yes,yes,yes,yes,yes,yes,yes
sqh,FBgn0003514,yes,yes,yes,yes,yes,yes,yes,yes,yes,yes,yes,yes,yes,yes,yes,yes,yes
aPKC,FBgn0261854,yes,yes,yes,yes,yes,yes,yes,yes,yes,yes,yes,yes,yes,yes,yes,yes,yes
chic,FBgn0000308,yes,yes,yes,yes,yes,yes,yes,yes,yes,yes,yes,yes,yes,yes,yes,yes,yes
ck,FBgn0000317,yes,yes,yes,yes,yes,yes,yes,yes,yes,yes,yes,yes,yes,yes,yes,yes,yes
cno,FBgn0259212,yes,yes,yes,yes,yes,yes,yes,yes,yes,yes,yes,yes,yes,yes,yes,yes,yes
fz,FBgn0001085,yes,yes,yes,yes,yes,yes,yes,yes,yes,yes,yes,yes,yes,yes,yes,yes,
Mbs,FBgn0005536,yes,yes,yes,yes,yes,yes,yes,yes,yes,yes,yes,yes,yes,yes,yes,yes,yes
par-6,FBgn0026192,yes,yes,yes,yes,yes,yes,yes,yes,yes,yes,yes,yes,yes,yes,yes,yes,yes
PDZ-GEF,FBgn0265778,yes,yes,yes,yes,yes,yes,yes,yes,yes,yes,yes,yes,yes,yes,yes,yes,yes
aurA,FBgn0000147,yes,yes,yes,yes,yes,yes,yes,yes,yes,yes,yes,yes,yes,yes,yes,yes,yes
baz,FBgn0000163,yes,yes,yes,yes,yes,yes,yes,yes,yes,yes,yes,yes,yes,yes,yes,yes,yes
br,FBgn0283451,yes,yes,yes,yes,yes,yes,yes,yes,yes,yes,yes,yes,yes,yes,yes,yes,yes
chb,FBgn0021760,yes,yes,yes,yes,yes,yes,yes,yes,yes,yes,yes,yes,yes,yes,yes,yes,yes
cno,FBgn0259212,yes,yes,yes,yes,yes,yes,yes,yes,yes,yes,yes,yes,yes,yes,yes,yes,yes
Csk,FBgn0262081,yes,yes,yes,yes,yes,yes,yes,yes,yes,yes,yes,yes,yes,yes,yes,yes,yes
CycB,FBgn0000405,yes,yes,yes,yes,yes,yes,yes,yes,yes,yes,yes,yes,yes,yes,yes,yes,yes
Drak,FBgn0052666,yes,yes,yes,yes,yes,yes,yes,yes,yes,yes,yes,yes,yes,yes,yes,,yes
dsh,FBgn0000499,yes,yes,yes,yes,yes,yes,yes,yes,yes,yes,yes,yes,yes,yes,yes,yes,yes
flw,FBgn0000711,yes,yes,yes,yes,yes,yes,yes,yes,yes,yes,yes,yes,yes,yes,yes,yes,yes
fz,FBgn0001085,yes,yes,yes,yes,yes,yes,yes,yes,yes,yes,yes,yes,yes,yes,yes,yes,
kermit,FBgn0010504,yes,yes,yes,yes,yes,yes,yes,yes,yes,yes,yes,yes,yes,yes,yes,yes,yes
kirre,FBgn0028369,yes,yes,yes,yes,yes,yes,yes,yes,yes,yes,yes,yes,yes,yes,yes,yes,yes
Mbs,FBgn0005536,yes,yes,yes,yes,yes,yes,yes,yes,yes,yes,yes,yes,yes,yes,yes,yes,yes
MYPT-75D,FBgn0036801,yes,yes,yes,yes,yes,yes,yes,yes,yes,yes,yes,yes,yes,yes,yes,yes,yes
nmo,FBgn0011817,yes,yes,yes,yes,yes,yes,yes,yes,yes,yes,yes,yes,yes,yes,yes,yes,yes
pbl,FBgn0003041,yes,yes,yes,yes,yes,yes,yes,yes,yes,yes,yes,yes,yes,yes,yes,yes,yes
PDZ-GEF,FBgn0265778,yes,yes,yes,yes,yes,yes,yes,yes,yes,yes,yes,yes,yes,yes,yes,yes,yes
Ppt1,FBgn0030057,yes,yes,yes,yes,yes,yes,yes,yes,yes,yes,yes,yes,yes,yes,yes,yes,yes
Rac1,FBgn0010333,yes,yes,yes,yes,yes,yes,yes,yes,yes,yes,yes,yes,yes,yes,yes,yes,yes
raw,FBgn0003209,yes,yes,yes,yes,yes,yes,yes,yes,yes,yes,yes,yes,yes,yes,yes,yes,yes
RhoGEF2,FBgn0023172,yes,yes,yes,yes,yes,yes,yes,yes,yes,yes,yes,yes,yes,yes,yes,yes,yes
rib,FBgn0003254,yes,yes,yes,yes,yes,yes,yes,yes,yes,yes,yes,yes,yes,yes,yes,yes,yes
Rok,FBgn0026181,yes,yes,yes,yes,yes,yes,yes,yes,yes,yes,yes,yes,yes,yes,yes,yes,yes
S,FBgn0003310,yes,yes,yes,yes,yes,yes,yes,yes,yes,yes,yes,yes,yes,yes,yes,yes,yes
Sb,FBgn0003319,yes,yes,yes,yes,yes,yes,yes,yes,yes,yes,yes,yes,yes,yes,yes,yes,
sds22,FBgn0028992,yes,yes,yes,yes,yes,yes,yes,yes,yes,yes,yes,yes,yes,yes,yes,yes,yes
sqh,FBgn0003514,yes,yes,yes,yes,yes,yes,yes,yes,yes,yes,yes,yes,yes,yes,yes,yes,yes
step,FBgn0086779,yes,yes,yes,yes,yes,yes,yes,yes,yes,yes,yes,yes,yes,yes,yes,yes,yes
tow,FBgn0035719,yes,yes,yes,yes,yes,yes,yes,yes,yes,yes,yes,yes,yes,yes,yes,yes,yes
yki,FBgn0034970,yes,yes,yes,yes,yes,yes,yes,yes,yes,yes,yes,yes,yes,yes,,yes,yes
ADD1,FBgn0026573,yes,yes,yes,yes,yes,yes,yes,yes,yes,yes,yes,yes,yes,yes,yes,yes,yes
Caf1-55,FBgn0263979,yes,yes,yes,yes,yes,yes,yes,yes,yes,yes,yes,yes,yes,yes,yes,yes,yes
E(bx),FBgn0000541,yes,yes,yes,yes,yes,yes,yes,yes,yes,yes,yes,yes,yes,yes,yes,yes,yes
HP1b,FBgn0030082,yes,yes,yes,yes,yes,yes,yes,yes,yes,yes,yes,yes,yes,yes,,yes,yes
Iswi,FBgn0011604,yes,yes,yes,yes,yes,yes,yes,yes,yes,yes,yes,yes,yes,yes,yes,yes,yes
Nap1,FBgn0015268,yes,yes,yes,yes,yes,yes,yes,yes,yes,yes,yes,yes,yes,yes,yes,yes,yes
Nurf-38,FBgn0016687,yes,yes,yes,yes,yes,yes,yes,yes,yes,yes,yes,yes,yes,yes,yes,yes,yes
Su(var)205,FBgn0003607,yes,yes,yes,yes,yes,yes,yes,yes,yes,yes,yes,yes,yes,yes,yes,yes,yes
vig,FBgn0024183,yes,yes,yes,yes,yes,yes,yes,yes,yes,yes,yes,yes,yes,yes,yes,yes,
vig2,FBgn0046214,yes,yes,yes,yes,yes,yes,yes,yes,,,,,yes,,yes,,
rictor,FBgn0031006,yes,yes,yes,yes,yes,yes,yes,yes,yes,yes,yes,yes,yes,yes,yes,yes,yes
sima,FBgn0266411,yes,yes,yes,yes,yes,yes,yes,yes,yes,yes,yes,yes,yes,yes,yes,yes,yes
CG8545,FBgn0033741,yes,yes,yes,yes,yes,yes,yes,yes,yes,yes,yes,yes,yes,yes,yes,yes,yes
S6kII,FBgn0262866,yes,yes,yes,yes,yes,yes,yes,yes,yes,yes,yes,yes,yes,yes,,yes,yes
Tsc1,FBgn0026317,yes,yes,yes,yes,yes,yes,yes,yes,yes,yes,yes,yes,yes,yes,yes,yes,yes
foxo,FBgn0038197,yes,yes,yes,yes,yes,yes,yes,yes,yes,yes,yes,yes,yes,yes,yes,yes,yes
rictor,FBgn0031006,yes,yes,yes,yes,yes,yes,yes,yes,yes,yes,yes,yes,yes,yes,yes,yes,yes
CG6276,FBgn0038316,yes,yes,yes,yes,yes,yes,yes,yes,yes,yes,yes,yes,yes,yes,yes,yes,yes
Bub3,FBgn0025457,yes,yes,yes,yes,yes,yes,yes,yes,yes,yes,yes,yes,yes,yes,yes,yes,yes
Hmr,FBgn0001206,yes,yes,yes,yes,yes,yes,yes,yes,yes,yes,yes,yes,yes,yes,yes,yes,yes
Hr78,FBgn0015239,yes,yes,yes,yes,yes,yes,yes,yes,yes,yes,yes,yes,yes,yes,yes,yes,yes
Kmn1,FBgn0027259,yes,yes,yes,yes,yes,yes,yes,yes,yes,yes,yes,yes,yes,yes,yes,yes,yes
Lhr,FBgn0034217,yes,yes,yes,yes,yes,yes,yes,yes,yes,yes,yes,yes,yes,yes,yes,yes,yes
Mis12,FBgn0035725,yes,yes,yes,yes,yes,yes,yes,yes,yes,yes,yes,yes,yes,yes,yes,yes,yes
Mnt,FBgn0023215,yes,yes,yes,yes,yes,yes,yes,yes,yes,yes,yes,yes,yes,yes,yes,yes,yes
Ndc80,FBgn0030500,yes,yes,yes,yes,yes,yes,yes,yes,yes,yes,yes,yes,yes,yes,yes,yes,yes
Nnf1a,FBgn0034523,yes,yes,yes,yes,yes,yes,yes,yes,,yes,yes,yes,yes,yes,,yes,yes
Nnf1b,FBgn0051658,,yes,yes,yes,,,,,yes,,,,,,yes,yes,
Nuf2,FBgn0031886,yes,yes,yes,yes,yes,yes,yes,yes,yes,yes,yes,yes,yes,yes,yes,yes,yes
PPP4R2r,FBgn0030208,yes,yes,yes,yes,yes,yes,yes,yes,yes,yes,yes,yes,yes,yes,yes,yes,yes
Pp2A-29B,FBgn0260439,yes,yes,yes,yes,yes,yes,yes,yes,yes,yes,yes,yes,yes,yes,yes,yes,yes
Pp4-19C,FBgn0023177,yes,yes,yes,yes,yes,yes,yes,yes,yes,yes,yes,yes,yes,yes,yes,yes,yes
Rel,FBgn0014018,yes,yes,yes,yes,yes,yes,yes,yes,yes,yes,yes,yes,yes,yes,yes,yes,yes
Snap29,FBgn0034913,yes,yes,yes,yes,yes,yes,yes,yes,yes,yes,yes,yes,yes,yes,yes,yes,yes
Spc105R,FBgn0037025,yes,yes,yes,yes,yes,yes,yes,yes,yes,yes,yes,yes,yes,yes,yes,yes,yes
Spc25,FBgn0087021,yes,yes,yes,yes,yes,yes,yes,yes,yes,yes,yes,yes,yes,yes,yes,yes,yes
Ssrp,FBgn0010278,yes,yes,yes,yes,yes,yes,yes,yes,yes,yes,yes,yes,yes,yes,yes,yes,yes
Top2,FBgn0284220,yes,yes,yes,yes,yes,yes,yes,yes,yes,yes,yes,yes,yes,yes,yes,yes,yes
apt,FBgn0015903,yes,yes,yes,yes,yes,yes,yes,yes,yes,yes,yes,yes,yes,yes,yes,yes,yes
baf,FBgn0031977,yes,yes,yes,yes,yes,yes,yes,yes,yes,yes,yes,yes,yes,yes,yes,yes,yes
ball,FBgn0027889,yes,yes,yes,yes,yes,yes,yes,yes,yes,yes,yes,yes,yes,yes,yes,yes,yes
cal1,FBgn0038478,yes,yes,yes,yes,yes,yes,yes,yes,yes,yes,yes,yes,yes,yes,yes,yes,yes
cid,FBgn0040477,yes,yes,yes,yes,yes,yes,yes,yes,yes,yes,yes,yes,yes,yes,yes,yes,yes
crm,FBgn0000376,yes,yes,yes,yes,yes,yes,yes,yes,yes,yes,yes,yes,yes,yes,yes,yes,yes
dre4,FBgn0002183,yes,yes,yes,yes,yes,yes,yes,yes,yes,yes,yes,yes,yes,yes,yes,yes,yes
flfl,FBgn0024555,yes,yes,yes,yes,yes,yes,yes,yes,yes,yes,yes,yes,yes,yes,yes,yes,yes
jigr1,FBgn0039350,yes,yes,yes,yes,yes,yes,yes,yes,yes,yes,yes,yes,yes,yes,yes,yes,yes
ncd,FBgn0002924,yes,yes,yes,yes,yes,yes,yes,yes,yes,yes,yes,yes,yes,yes,yes,yes,yes
phol,FBgn0035997,yes,yes,yes,yes,yes,,yes,yes,yes,,yes,,yes,,yes,yes,
prod,FBgn0014269,yes,yes,yes,yes,yes,yes,yes,yes,yes,yes,yes,yes,yes,yes,yes,yes,yes
sage,FBgn0037672,yes,yes,yes,yes,yes,,yes,yes,yes,,yes,,yes,,yes,yes,
sug,FBgn0033782,yes,yes,yes,yes,yes,yes,yes,yes,yes,yes,yes,yes,yes,yes,yes,yes,yes
,,,,,,,,,,,,,,,,,,
,,,,,,,,,,,,,,,,,,
,,,,,,,,,,,,,,,,,,
Ago2,,,,,,,,,,,,,,,,,,
ctpdUTPase,,,,,,,,,,,,,,,,,,
14-3-3e,,,,,,,,,,,,,,,,,,
14-3-3greek letter,,,,,,,,,,,,,,,,,,
satDNA,,,,,,,,,,,,,,,,,,
kelmrj,,,,,,,,,,,,,,,,,,
lncRNA:Hsromega,,,,,,,,,,,,,,,,,,
nanos,,,,,,,,,,,,,,,,,,
ringer,,,,,,,,,,,,,,,,,,
lncRNA:flam,,,,,,,,,,,,,,,,,,
nanos,,,,,,,,,,,,,,,,,,
brwl,,,,,,,,,,,,,,,,,,
nanos,,,,,,,,,,,,,,,,,,
nanos,,,,,,,,,,,,,,,,,,
nanos,,,,,,,,,,,,,,,,,,
efffzr,,,,,,,,,,,,,,,,,,
ImgA,,,,,,,,,,,,,,,,,,
e(mr),,,,,,,,,,,,,,,,,,
Hecw,,,,,,,,,,,,,,,,,,
Stip1,,,,,,,,,,,,,,,,,,
mTor,,,,,,,,,,,,,,,,,,
14-3-3letter,,,,,,,,,,,,,,,,,,
Ist1,,,,,,,,,,,,,,,,,,
Lnkk,,,,,,,,,,,,,,,,,,
Pi3k21B,,,,,,,,,,,,,,,,,,
mib,,,,,,,,,,,,,,,,,,
PiK92E,,,,,,,,,,,,,,,,,,
Bcs1,,,,,,,,,,,,,,,,,,
I(2)k-12-9,,,,,,,,,,,,,,,,,,
Alp6,,,,,,,,,,,,,,,,,,
Hecw,,,,,,,,,,,,,,,,,,
Hsdl2,,,,,,,,,,,,,,,,,,
MICU3,,,,,,,,,,,,,,,,,,
Mic-c,,,,,,,,,,,,,,,,,,
Pi3k21B,,,,,,,,,,,,,,,,,,
Uros1,,,,,,,,,,,,,,,,,,
I(2)gl,,,,,,,,,,,,,,,,,,
regulcalcin,,,,,,,,,,,,,,,,,,
speck,,,,,,,,,,,,,,,,,,
Shrm,,,,,,,,,,,,,,,,,,
eIf2beta,,,,,,,,,,,,,,,,,,
BEAF32,,,,,,,,,,,,,,,,,,
,,,,,,,,,,,,,,,,,,
,,,,,,,,,,,,,,,,,,
,,,,,,,,,,,,,,,,,,
,,,,,,,,,,,,,,,,,,
,,,,,,,,,,,,,,,,,,
,,,,,,,,,,,,,,,,,,
,,,,,,,,,,,,,,,,,,
,,,,,,,,,,,,,,,,,,
,,,,,,,,,,,,,,,,,,
,,,,,,,,,,,,,,,,,,
,,,,,,,,,,,,,,,,,,
,,,,,,,,,,,,,,,,,,
,,,,,,,,,,,,,,,,,,
,,,,,,,,,,,,,,,,,,
,,,,,,,,,,,,,,,,,,
,,,,,,,,,,,,,,,,,,
,,,,,,,,,,,,,,,,,,
,,,,,,,,,,,,,,,,,,
,,,,,,,,,,,,,,,,,,
pim,FBgn0003087,yes,yes,yes,yes,yes,yes,yes,yes,yes,,yes,yes,yes,yes,,,
CG9106,FBgn0030624,yes,yes,yes,yes,yes,yes,yes,yes,yes,yes,yes,yes,yes,,yes,,
Hrb87F,FBgn0004237,yes,yes,yes,yes,yes,yes,yes,yes,yes,,yes,yes,yes,yes,yes,yes,yes
InR,FBgn0283499,yes,yes,yes,yes,yes,yes,yes,yes,yes,,,yes,yes,yes,yes,yes,yes
PGRP-LB,FBgn0037906,yes,yes,yes,yes,yes,yes,yes,yes,yes,yes,yes,yes,yes,yes,,yes,yes
Parp,FBgn0010247,,yes,yes,yes,yes,yes,yes,yes,yes,yes,yes,yes,yes,yes,yes,yes,yes
S6kII,FBgn0262866,yes,yes,yes,yes,yes,yes,yes,yes,yes,yes,yes,yes,yes,yes,,yes,yes
TBPH,FBgn0025790,yes,yes,yes,yes,yes,yes,yes,yes,yes,yes,yes,yes,yes,yes,,yes,yes
pros,FBgn0004595,yes,yes,yes,yes,yes,yes,yes,yes,yes,yes,,yes,yes,yes,yes,yes,yes
mir-1,FBgn0262455,,,,,,,,,,,,,,,,,
TBPH,FBgn0025790,yes,yes,yes,yes,yes,yes,yes,yes,yes,yes,yes,yes,yes,yes,,yes,yes
Nup58,FBgn0038722,yes,yes,yes,yes,yes,yes,yes,yes,yes,yes,yes,yes,yes,yes,,yes,yes
SoYb,FBgn0051755,yes,yes,yes,yes,yes,yes,yes,yes,yes,yes,yes,yes,yes,yes,yes,,
vret,FBgn0263143,yes,yes,yes,yes,yes,yes,yes,yes,yes,yes,yes,yes,yes,yes,,yes,yes
CG31955,FBgn0051955,yes,yes,yes,yes,yes,,,yes,,,,,,,,,
p53,FBgn0039044,yes,yes,yes,yes,yes,yes,yes,yes,yes,yes,yes,yes,yes,yes,,yes,yes
zpg,FBgn0024177,yes,yes,yes,yes,yes,yes,yes,yes,yes,yes,yes,,,,,,
zpg,FBgn0024177,yes,yes,yes,yes,yes,yes,yes,yes,yes,yes,yes,,,,,,
Chi,FBgn0013764,yes,yes,yes,yes,yes,yes,yes,yes,yes,yes,yes,yes,yes,yes,,yes,yes
dom,FBgn0020306,yes,yes,yes,yes,yes,yes,yes,yes,yes,yes,,yes,yes,yes,yes,yes,yes
su(Hw)|ct,FBgn0000451,yes,yes,yes,yes,yes,yes,yes,yes,yes,yes,yes,yes,yes,yes,,yes,yes
Cdc23,FBgn0032863,yes,yes,yes,yes,yes,yes,yes,yes,yes,yes,yes,yes,yes,yes,,yes,yes
Psc,FBgn0005624,yes,yes,yes,yes,yes,yes,yes,yes,,yes,yes,yes,yes,yes,,yes,yes
eff,FBgn0011217,yes,yes,yes,yes,yes,yes,yes,yes,yes,yes,yes,yes,yes,yes,,yes,yes
btv,FBgn0023096,yes,yes,yes,yes,yes,yes,yes,yes,yes,yes,,yes,yes,yes,yes,yes,yes
cana,FBgn0040233,yes,yes,yes,yes,yes,,,yes,,,,,,,,,
AGO2,FBgn0087035,yes,yes,yes,yes,yes,yes,yes,yes,yes,yes,yes,yes,yes,,yes,yes,yes
AGO3,FBgn0250816,yes,yes,yes,yes,,yes,yes,yes,yes,yes,,yes,yes,yes,yes,yes,yes
CG17343,FBgn0032751,yes,yes,yes,yes,yes,yes,yes,yes,yes,yes,yes,,yes,yes,yes,,yes
EcR,FBgn0000546,yes,yes,yes,yes,yes,yes,yes,yes,yes,,yes,yes,yes,yes,yes,yes,yes
Lsd-2,FBgn0030608,yes,yes,yes,yes,yes,yes,yes,yes,yes,yes,yes,yes,yes,yes,,yes,yes
brm,FBgn0000212,yes,yes,yes,yes,yes,yes,yes,yes,,yes,yes,yes,yes,yes,yes,yes,yes
ph-p,FBgn0004861,yes,yes,yes,yes,,yes,yes,,yes,yes,yes,yes,yes,yes,yes,yes,yes
H,FBgn0001169,yes,yes,yes,yes,yes,yes,yes,yes,yes,yes,yes,yes,yes,yes,,yes,yes
Asx,FBgn0261823,yes,yes,yes,yes,yes,yes,yes,yes,yes,yes,yes,yes,yes,yes,yes,yes,
Lsd-2,FBgn0030608,yes,yes,yes,yes,yes,yes,yes,yes,yes,yes,yes,yes,yes,yes,,yes,yes
ph-d,FBgn0004860,yes,yes,yes,yes,yes,yes,yes,yes,,,,,,,,,
ph-p,FBgn0004861,yes,yes,yes,yes,,yes,yes,,yes,yes,yes,yes,yes,yes,yes,yes,yes
CG12620,FBgn0032626,yes,yes,yes,yes,yes,yes,yes,yes,,,,,,,,,
CG31244,FBgn0051244,yes,yes,yes,yes,yes,yes,yes,yes,yes,yes,yes,yes,yes,,,,
CG31457,FBgn0051457,yes,yes,yes,yes,yes,yes,yes,yes,yes,yes,yes,yes,yes,yes,yes,,
CG9933,FBgn0028965,yes,yes,yes,yes,yes,yes,yes,yes,yes,yes,yes,yes,yes,yes,yes,,
I-3,FBgn0261624,yes,yes,yes,yes,yes,yes,yes,yes,yes,yes,,,,,yes,,
Nop17l,FBgn0033224,yes,yes,yes,yes,yes,yes,yes,yes,yes,yes,yes,yes,yes,yes,yes,,yes
PPP1R15,FBgn0034948,yes,yes,yes,yes,yes,yes,yes,yes,yes,yes,yes,yes,yes,yes,,yes,yes
Ppi1,FBgn0051025,yes,yes,yes,yes,yes,yes,yes,yes,yes,yes,yes,yes,yes,yes,yes,,
Rif1,FBgn0050085,yes,yes,yes,yes,yes,yes,yes,yes,yes,,yes,yes,yes,yes,yes,yes,yes
S6k,FBgn0283472,yes,yes,yes,yes,yes,yes,yes,yes,yes,yes,yes,yes,yes,yes,,yes,yes
Sara,FBgn0026369,yes,yes,yes,yes,yes,yes,yes,yes,yes,yes,yes,yes,yes,,,yes,yes
Zasp66,FBgn0035917,yes,yes,yes,yes,yes,yes,yes,yes,yes,yes,yes,yes,yes,yes,,yes,yes
corolla,FBgn0267967,yes,yes,yes,yes,yes,yes,yes,yes,yes,yes,yes,yes,yes,yes,yes,,
Nop17l,FBgn0033224,yes,yes,yes,yes,yes,yes,yes,yes,yes,yes,yes,yes,yes,yes,yes,,yes
Rif1,FBgn0050085,yes,yes,yes,yes,yes,yes,yes,yes,yes,,yes,yes,yes,yes,yes,yes,yes
CG7668,FBgn0036929,yes,yes,yes,yes,yes,yes,yes,,yes,yes,,yes,yes,,,,
InR,FBgn0283499,yes,yes,yes,yes,yes,yes,yes,yes,yes,,,yes,yes,yes,yes,yes,yes
tws,FBgn0004889,yes,yes,yes,yes,yes,yes,yes,yes,yes,yes,yes,yes,yes,yes,,yes,yes
InR,FBgn0283499,yes,yes,yes,yes,yes,yes,yes,yes,yes,,,yes,yes,yes,yes,yes,yes
mir-278,FBgn0262403,,,,,,,,,,,,,,,,,
Pink1,FBgn0029891,yes,yes,yes,yes,yes,yes,yes,yes,yes,yes,yes,yes,yes,yes,yes,yes,
Nup58,FBgn0038722,yes,yes,yes,yes,yes,yes,yes,yes,yes,yes,yes,yes,yes,yes,,yes,yes
rin,FBgn0015778,yes,yes,yes,yes,yes,yes,yes,yes,yes,yes,yes,yes,yes,yes,,yes,yes
CG10494,FBgn0034634,yes,yes,yes,yes,yes,yes,yes,yes,yes,yes,yes,yes,yes,yes,yes,,
az2,FBgn0025185,yes,yes,yes,yes,yes,yes,yes,yes,yes,yes,yes,yes,yes,yes,yes,,
CG11459,FBgn0037396,yes,yes,yes,yes,yes,yes,yes,,yes,yes,,,,,,,
CG31546,FBgn0051546,yes,yes,yes,yes,yes,yes,yes,yes,,,yes,,,,,,
CG32099,FBgn0052099,yes,yes,yes,yes,yes,yes,yes,yes,yes,yes,yes,yes,yes,yes,,yes,yes
CG32445,FBgn0052445,yes,yes,yes,yes,yes,yes,yes,yes,yes,yes,yes,yes,yes,yes,yes,,
CG33107,FBgn0053107,yes,yes,yes,yes,yes,yes,yes,yes,yes,yes,yes,yes,yes,yes,yes,,
CG7366,FBgn0035855,yes,yes,yes,yes,yes,yes,yes,yes,yes,yes,yes,,yes,,yes,,
CG9377,FBgn0032507,yes,yes,yes,yes,yes,yes,yes,yes,yes,yes,yes,yes,yes,yes,,,
CG9689,FBgn0030159,yes,yes,yes,yes,yes,yes,yes,yes,yes,yes,yes,yes,yes,yes,,yes,yes
Pglym87,FBgn0011270,yes,yes,yes,yes,yes,yes,yes,yes,yes,yes,,yes,yes,yes,yes,,
Swip-1,FBgn0032731,yes,yes,yes,yes,yes,yes,yes,yes,yes,yes,yes,yes,yes,yes,,yes,yes
mira,FBgn0021776,yes,yes,yes,yes,yes,yes,yes,yes,yes,yes,yes,yes,yes,yes,,yes,yes
scpr-C,FBgn0037879,yes,yes,yes,,yes,yes,yes,yes,yes,,yes,yes,yes,yes,yes,,
fz,FBgn0001085,yes,yes,yes,yes,yes,yes,yes,yes,yes,yes,yes,yes,yes,yes,yes,yes,
Drak,FBgn0052666,yes,yes,yes,yes,yes,yes,yes,yes,yes,yes,yes,yes,yes,yes,yes,,yes
fz,FBgn0001085,yes,yes,yes,yes,yes,yes,yes,yes,yes,yes,yes,yes,yes,yes,yes,yes,
Sb,FBgn0003319,yes,yes,yes,yes,yes,yes,yes,yes,yes,yes,yes,yes,yes,yes,yes,yes,
yki,FBgn0034970,yes,yes,yes,yes,yes,yes,yes,yes,yes,yes,yes,yes,yes,yes,,yes,yes
HP1b,FBgn0030082,yes,yes,yes,yes,yes,yes,yes,yes,yes,yes,yes,yes,yes,yes,,yes,yes
vig2,FBgn0046214,yes,yes,yes,yes,yes,yes,yes,yes,,,,,yes,,yes,,
S6kII,FBgn0262866,yes,yes,yes,yes,yes,yes,yes,yes,yes,yes,yes,yes,yes,yes,,yes,yes
Nnf1a,FBgn0034523,yes,yes,yes,yes,yes,yes,yes,yes,,yes,yes,yes,yes,yes,,yes,yes
Nnf1b,FBgn0051658,,yes,yes,yes,,,,,yes,,,,,,yes,yes,
phol,FBgn0035997,yes,yes,yes,yes,yes,,yes,yes,yes,,yes,,yes,,yes,yes,
sage,FBgn0037672,yes,yes,yes,yes,yes,,yes,yes,yes,,yes,,yes,,yes,yes,